[
  {
    "ID": 1,
    "DocumentID": "IFU",
    "Document_Type": "Label",
    "Question": null,
    "Prompt_Template": null,
    "Where_Filter": null,
    "Where_Document": null,
    "FullText": null,
    "Type": "Group",
    "Column": 3,
    "Row": 13,
    "GroupID": 1,
    "LinkID": null,
    "Dictionary_Element": "intended_use",
    "Priority": 1,
    "SetID": 2,
    "Value": "0719004306_IFU, Rev A, 04-DEC-2024",
    "ImageSearch": 1,
    "ImagePath": null,
    "group": [
      {
        "ID": 1,
        "DocumentID": "IFU",
        "Question": null,
        "Prompt_Template": null,
        "Where_Filter": null,
        "Where_Document": null,
        "FullText": null,
        "Type": "Group",
        "Column": 3,
        "Row": 13,
        "Dictionary_Element": "intended_Use",
        "Priority": 1,
        "Value": "0719004306_IFU, Rev A, 04-DEC-2024",
        "ImageSearch": 1,
        "ImagePath": null
      },
      {
        "ID": 2,
        "DocumentID": "IFU",
        "Question": null,
        "Prompt_Template": null,
        "Where_Filter": null,
        "Where_Document": null,
        "FullText": null,
        "Type": null,
        "Column": null,
        "Row": null,
        "Dictionary_Element": null,
        "Priority": null,
        "Value": null,
        "ImageSearch": null,
        "ImagePath": null
      }
    ]
  },
  {
    "ID": 2,
    "DocumentID": "Pouch",
    "Document_Type": "Label",
    "Question": null,
    "Prompt_Template": null,
    "Where_Filter": null,
    "Where_Document": null,
    "FullText": null,
    "Type": null,
    "Column": null,
    "Row": null,
    "GroupID": null,
    "LinkID": null,
    "Dictionary_Element": null,
    "Priority": null,
    "SetID": 2,
    "Value": null,
    "ImageSearch": null,
    "ImagePath": null
  },
  {
    "ID": 3,
    "DocumentID": "Carton",
    "Document_Type": "Label",
    "Question": null,
    "Prompt_Template": null,
    "Where_Filter": null,
    "Where_Document": null,
    "FullText": null,
    "Type": "Link",
    "Column": null,
    "Row": null,
    "GroupID": null,
    "LinkID": 3,
    "Dictionary_Element": "claims",
    "Priority": null,
    "SetID": 2,
    "Value": null,
    "ImageSearch": null,
    "ImagePath": null,
    "link": [
      {
        "ID": 3,
        "DocumentID": "Carton",
        "Question": null,
        "Prompt_Template": null,
        "Where_Filter": null,
        "Where_Document": null,
        "FullText": null,
        "Type": null,
        "Repeatable": null,
        "Column": null,
        "Row": null,
        "Dictionary_Element": null,
        "Priority": null,
        "Value": null,
        "ImageSearch": null,
        "ImagePath": null
      },
      {
        "ID": 4,
        "DocumentID": "Carton",
        "Question": null,
        "Prompt_Template": null,
        "Where_Filter": null,
        "Where_Document": null,
        "FullText": null,
        "Type": null,
        "Repeatable": null,
        "Column": null,
        "Row": null,
        "Dictionary_Element": null,
        "Priority": null,
        "Value": null,
        "ImageSearch": null,
        "ImagePath": null
      }
    ]
  },
  {
    "ID": 4,
    "DocumentID": "BXU601670_MDR_CER",
    "Document_Type": "CER",
    "Question": null,
    "Prompt_Template": null,
    "Where_Filter": null,
    "Where_Document": null,
    "FullText": null,
    "Type": null,
    "Column": 9,
    "Row": null,
    "GroupID": null,
    "LinkID": null,
    "Dictionary_Element": "Warning",
    "Priority": 5,
    "SetID": 2,
    "Value": "There are no warnings applicable to the use of this device.",
    "ImageSearch": null,
    "ImagePath": null
  },
  {
    "ID": 5,
    "DocumentID": "BXU535425",
    "Document_Type": "PRD",
    "Question": null,
    "Prompt_Template": null,
    "Where_Filter": null,
    "Where_Document": null,
    "FullText": null,
    "Type": null,
    "Column": null,
    "Row": null,
    "GroupID": null,
    "LinkID": null,
    "Dictionary_Element": null,
    "Priority": null,
    "SetID": 2,
    "Value": null,
    "ImageSearch": null,
    "ImagePath": null
  },
  {
    "ID": 6,
    "DocumentID": "BXU542284",
    "Document_Type": "PRD",
    "Question": null,
    "Prompt_Template": null,
    "Where_Filter": null,
    "Where_Document": null,
    "FullText": null,
    "Type": null,
    "Column": null,
    "Row": null,
    "GroupID": null,
    "LinkID": null,
    "Dictionary_Element": null,
    "Priority": null,
    "SetID": null,
    "Value": null,
    "ImageSearch": null,
    "ImagePath": null
  },
  {
    "ID": 7,
    "DocumentID": "BXU535428",
    "Document_Type": "PRD",
    "Question": null,
    "Prompt_Template": null,
    "Where_Filter": null,
    "Where_Document": null,
    "FullText": null,
    "Type": null,
    "Column": null,
    "Row": null,
    "GroupID": null,
    "LinkID": null,
    "Dictionary_Element": null,
    "Priority": null,
    "SetID": null,
    "Value": null,
    "ImageSearch": null,
    "ImagePath": null
  },
  {
    "ID": null,
    "DocumentID": null,
    "Document_Type": "Label",
    "Question": null,
    "Prompt_Template": null,
    "Where_Filter": null,
    "Where_Document": null,
    "FullText": null,
    "Type": null,
    "Column": null,
    "Row": null,
    "GroupID": 1,
    "LinkID": null,
    "Dictionary_Element": null,
    "Priority": null,
    "SetID": null,
    "Value": null,
    "ImageSearch": null,
    "ImagePath": null
  }
]